{"_wandb": {"runtime": 1}, "global_step": 0, "_timestamp": 1701390451.7278779, "_runtime": 2.6811399459838867, "_step": 0}