{"_wandb": {"runtime": 1}, "global_step": 0, "_timestamp": 1701389995.210125, "_runtime": 2.4507269859313965, "_step": 0}