{"_wandb": {"runtime": 2}, "global_step": 0, "_timestamp": 1701389714.2005482, "_runtime": 2.5689730644226074, "_step": 0}