{"_wandb": {"runtime": 2}, "global_step": 0, "_timestamp": 1701390212.164617, "_runtime": 2.4664039611816406, "_step": 0}