{"_wandb": {"runtime": 1}, "global_step": 0, "_timestamp": 1701390366.993141, "_runtime": 3.8853230476379395, "_step": 0}