{"_wandb": {"runtime": 1}, "global_step": 0, "_timestamp": 1701390430.2467341, "_runtime": 2.928645133972168, "_step": 0}