{"global_step": 581632, "_timestamp": 1701389496.357714, "_runtime": 62.30281090736389, "_step": 568, "charts/learning_rate": 0.0002354838652536273, "losses/value_loss": 0.10212131589651108, "losses/policy_loss": -0.007665572687983513, "losses/entropy": 0.28222939372062683, "losses/old_approx_kl": 0.0153304822742939, "losses/approx_kl": 0.009661086834967136, "losses/clipfrac": 0.09814453125, "losses/explained_variance": 0.26560503244400024, "charts/SPS": 9801.0, "_wandb": {"runtime": 61}}