{"_wandb": {"runtime": 1}, "global_step": 0, "_timestamp": 1701389788.522423, "_runtime": 2.3965280055999756, "_step": 0}