{"_wandb": {"runtime": 1}, "global_step": 0, "_timestamp": 1701390412.507665, "_runtime": 2.6760430335998535, "_step": 0}