{"_wandb": {"runtime": 17}, "global_step": 0, "_timestamp": 1701389578.468819, "_runtime": 2.6433188915252686, "_step": 0}