{"_wandb": {"runtime": 1}, "global_step": 0, "_timestamp": 1701390279.849901, "_runtime": 2.7688920497894287, "_step": 0}