{"_wandb": {"runtime": 1}, "global_step": 0, "_timestamp": 1701389810.96343, "_runtime": 2.489784002304077, "_step": 0}