{"_wandb": {"runtime": 1}, "global_step": 0, "_timestamp": 1701390067.719129, "_runtime": 2.460203170776367, "_step": 0}