{"global_step": 2195456, "_timestamp": 1701391035.793813, "_runtime": 521.7516119480133, "_step": 2144, "charts/learning_rate": 0.00019513568258844316, "losses/value_loss": 0.24942578375339508, "losses/policy_loss": -0.007565428502857685, "losses/entropy": 0.1843036562204361, "losses/old_approx_kl": 0.009015936404466629, "losses/approx_kl": 0.0046728672459721565, "losses/clipfrac": 0.078857421875, "losses/explained_variance": 0.6453135013580322, "charts/SPS": 4229.0, "_wandb": {"runtime": 521}}