{"_wandb": {"runtime": 1}, "global_step": 0, "_timestamp": 1701389565.007251, "_runtime": 2.5903050899505615, "_step": 0}